{
  "service": {
    "service": "myservice",
    "serviceObject": {
      "name": "myservice"
    },
    "provider": {
      "name": "aws",
      "runtime": "nodejs12.x",
      "iamRoleStatements": [
        {
          "Effect": "Allow",
          "Action": [
            "sqs:*"
          ],
          "Resource": "*"
        },
        {
          "Effect": "Allow",
          "Action": [
            "sns:*"
          ],
          "Resource": "*"
        }
      ],
      "stage": "dev",
      "variableSyntax": "\\${([^{}:]+?(?:\\(|:)(?:[^:{}][^{}]*?)?)}",
      "region": "us-east-1",
      "versionFunctions": true,
      "compiledCloudFormationTemplate": {
        "AWSTemplateFormatVersion": "2010-09-09",
        "Description": "The AWS CloudFormation template for this Serverless application",
        "Resources": {
          "ServerlessDeploymentBucket": {
            "Type": "AWS::S3::Bucket",
            "Properties": {
              "BucketEncryption": {
                "ServerSideEncryptionConfiguration": [
                  {
                    "ServerSideEncryptionByDefault": {
                      "SSEAlgorithm": "AES256"
                    }
                  }
                ]
              }
            }
          },
          "ServerlessDeploymentBucketPolicy": {
            "Type": "AWS::S3::BucketPolicy",
            "Properties": {
              "Bucket": {
                "Ref": "ServerlessDeploymentBucket"
              },
              "PolicyDocument": {
                "Statement": [
                  {
                    "Action": "s3:*",
                    "Effect": "Deny",
                    "Principal": "*",
                    "Resource": [
                      {
                        "Fn::Join": [
                          "",
                          [
                            "arn:",
                            {
                              "Ref": "AWS::Partition"
                            },
                            ":s3:::",
                            {
                              "Ref": "ServerlessDeploymentBucket"
                            },
                            "/*"
                          ]
                        ]
                      }
                    ],
                    "Condition": {
                      "Bool": {
                        "aws:SecureTransport": false
                      }
                    }
                  }
                ]
              }
            }
          },
          "HelloLogGroup": {
            "Type": "AWS::Logs::LogGroup",
            "Properties": {
              "LogGroupName": "/aws/lambda/myservice-dev-hello"
            }
          },
          "Microservice1LogGroup": {
            "Type": "AWS::Logs::LogGroup",
            "Properties": {
              "LogGroupName": "/aws/lambda/myservice-dev-microservice1"
            }
          },
          "Microservice2LogGroup": {
            "Type": "AWS::Logs::LogGroup",
            "Properties": {
              "LogGroupName": "/aws/lambda/myservice-dev-microservice2"
            }
          },
          "IamRoleLambdaExecution": {
            "Type": "AWS::IAM::Role",
            "Properties": {
              "AssumeRolePolicyDocument": {
                "Version": "2012-10-17",
                "Statement": [
                  {
                    "Effect": "Allow",
                    "Principal": {
                      "Service": [
                        "lambda.amazonaws.com"
                      ]
                    },
                    "Action": [
                      "sts:AssumeRole"
                    ]
                  }
                ]
              },
              "Policies": [
                {
                  "PolicyName": {
                    "Fn::Join": [
                      "-",
                      [
                        "myservice",
                        "dev",
                        "lambda"
                      ]
                    ]
                  },
                  "PolicyDocument": {
                    "Version": "2012-10-17",
                    "Statement": [
                      {
                        "Effect": "Allow",
                        "Action": [
                          "logs:CreateLogStream",
                          "logs:CreateLogGroup"
                        ],
                        "Resource": [
                          {
                            "Fn::Sub": "arn:${AWS::Partition}:logs:${AWS::Region}:${AWS::AccountId}:log-group:/aws/lambda/myservice-dev*:*"
                          }
                        ]
                      },
                      {
                        "Effect": "Allow",
                        "Action": [
                          "logs:PutLogEvents"
                        ],
                        "Resource": [
                          {
                            "Fn::Sub": "arn:${AWS::Partition}:logs:${AWS::Region}:${AWS::AccountId}:log-group:/aws/lambda/myservice-dev*:*:*"
                          }
                        ]
                      },
                      {
                        "$ref": "$[\"service\"][\"provider\"][\"iamRoleStatements\"][0]"
                      },
                      {
                        "$ref": "$[\"service\"][\"provider\"][\"iamRoleStatements\"][1]"
                      },
                      {
                        "Effect": "Allow",
                        "Action": [
                          "sqs:ReceiveMessage",
                          "sqs:DeleteMessage",
                          "sqs:GetQueueAttributes"
                        ],
                        "Resource": [
                          "arn:aws:sqs:us-east-1:594770830557:queue1"
                        ]
                      },
                      {
                        "Effect": "Allow",
                        "Action": [
                          "sqs:ReceiveMessage",
                          "sqs:DeleteMessage",
                          "sqs:GetQueueAttributes"
                        ],
                        "Resource": [
                          "arn:aws:sqs:us-east-1:594770830557:queue2"
                        ]
                      }
                    ]
                  }
                }
              ],
              "Path": "/",
              "RoleName": {
                "Fn::Join": [
                  "-",
                  [
                    "myservice",
                    "dev",
                    {
                      "Ref": "AWS::Region"
                    },
                    "lambdaRole"
                  ]
                ]
              }
            }
          },
          "HelloLambdaFunction": {
            "Type": "AWS::Lambda::Function",
            "Properties": {
              "Code": {
                "S3Bucket": {
                  "Ref": "ServerlessDeploymentBucket"
                },
                "S3Key": "serverless/myservice/dev/1624616712011-2021-06-25T10:25:12.011Z/myservice.zip"
              },
              "FunctionName": "myservice-dev-hello",
              "Handler": "handler.hello",
              "MemorySize": 1024,
              "Role": {
                "Fn::GetAtt": [
                  "IamRoleLambdaExecution",
                  "Arn"
                ]
              },
              "Runtime": "nodejs12.x",
              "Timeout": 6
            },
            "DependsOn": [
              "HelloLogGroup"
            ]
          },
          "HelloLambdaVersiony8yImbZkEMUUYDmXSEF1p2KfoiunGO3unGCug3FrEE": {
            "Type": "AWS::Lambda::Version",
            "DeletionPolicy": "Retain",
            "Properties": {
              "FunctionName": {
                "Ref": "HelloLambdaFunction"
              },
              "CodeSha256": "1OtVJfvPofgFwNGNfycMqRpz9YJBO3fe1G/LAcsOC7Q="
            }
          },
          "Microservice1LambdaFunction": {
            "Type": "AWS::Lambda::Function",
            "Properties": {
              "Code": {
                "S3Bucket": {
                  "Ref": "ServerlessDeploymentBucket"
                },
                "S3Key": "serverless/myservice/dev/1624616712011-2021-06-25T10:25:12.011Z/myservice.zip"
              },
              "FunctionName": "myservice-dev-microservice1",
              "Handler": "handler.microservice1",
              "MemorySize": 1024,
              "Role": {
                "Fn::GetAtt": [
                  "IamRoleLambdaExecution",
                  "Arn"
                ]
              },
              "Runtime": "nodejs12.x",
              "Timeout": 6
            },
            "DependsOn": [
              "Microservice1LogGroup"
            ]
          },
          "Microservice1LambdaVersionMwTMYtkCBXUota34MJuTbvWRFrenNDs7x5tFrZpwlY": {
            "Type": "AWS::Lambda::Version",
            "DeletionPolicy": "Retain",
            "Properties": {
              "FunctionName": {
                "Ref": "Microservice1LambdaFunction"
              },
              "CodeSha256": "1OtVJfvPofgFwNGNfycMqRpz9YJBO3fe1G/LAcsOC7Q="
            }
          },
          "Microservice2LambdaFunction": {
            "Type": "AWS::Lambda::Function",
            "Properties": {
              "Code": {
                "S3Bucket": {
                  "Ref": "ServerlessDeploymentBucket"
                },
                "S3Key": "serverless/myservice/dev/1624616712011-2021-06-25T10:25:12.011Z/myservice.zip"
              },
              "FunctionName": "myservice-dev-microservice2",
              "Handler": "handler.microservice2",
              "MemorySize": 1024,
              "Role": {
                "Fn::GetAtt": [
                  "IamRoleLambdaExecution",
                  "Arn"
                ]
              },
              "Runtime": "nodejs12.x",
              "Timeout": 6
            },
            "DependsOn": [
              "Microservice2LogGroup"
            ]
          },
          "Microservice2LambdaVersionhgyL1B8yW215R0NXI6eSLFvTFQfVnsg27FGw4s835Y": {
            "Type": "AWS::Lambda::Version",
            "DeletionPolicy": "Retain",
            "Properties": {
              "FunctionName": {
                "Ref": "Microservice2LambdaFunction"
              },
              "CodeSha256": "1OtVJfvPofgFwNGNfycMqRpz9YJBO3fe1G/LAcsOC7Q="
            }
          },
          "ApiGatewayRestApi": {
            "Type": "AWS::ApiGateway::RestApi",
            "Properties": {
              "Name": "dev-myservice",
              "EndpointConfiguration": {
                "Types": [
                  "EDGE"
                ]
              },
              "Policy": ""
            }
          },
          "ApiGatewayResourceUsers": {
            "Type": "AWS::ApiGateway::Resource",
            "Properties": {
              "ParentId": {
                "Fn::GetAtt": [
                  "ApiGatewayRestApi",
                  "RootResourceId"
                ]
              },
              "PathPart": "users",
              "RestApiId": {
                "Ref": "ApiGatewayRestApi"
              }
            }
          },
          "ApiGatewayResourceUsersCreate": {
            "Type": "AWS::ApiGateway::Resource",
            "Properties": {
              "ParentId": {
                "Ref": "ApiGatewayResourceUsers"
              },
              "PathPart": "create",
              "RestApiId": {
                "Ref": "ApiGatewayRestApi"
              }
            }
          },
          "ApiGatewayMethodUsersCreateGet": {
            "Type": "AWS::ApiGateway::Method",
            "Properties": {
              "HttpMethod": "GET",
              "RequestParameters": {},
              "ResourceId": {
                "Ref": "ApiGatewayResourceUsersCreate"
              },
              "RestApiId": {
                "Ref": "ApiGatewayRestApi"
              },
              "ApiKeyRequired": false,
              "AuthorizationType": "NONE",
              "Integration": {
                "IntegrationHttpMethod": "POST",
                "Type": "AWS_PROXY",
                "Uri": {
                  "Fn::Join": [
                    "",
                    [
                      "arn:",
                      {
                        "Ref": "AWS::Partition"
                      },
                      ":apigateway:",
                      {
                        "Ref": "AWS::Region"
                      },
                      ":lambda:path/2015-03-31/functions/",
                      {
                        "Fn::GetAtt": [
                          "HelloLambdaFunction",
                          "Arn"
                        ]
                      },
                      "/invocations"
                    ]
                  ]
                }
              },
              "MethodResponses": []
            }
          },
          "ApiGatewayDeployment1624616710016": {
            "Type": "AWS::ApiGateway::Deployment",
            "Properties": {
              "RestApiId": {
                "Ref": "ApiGatewayRestApi"
              },
              "StageName": "dev"
            },
            "DependsOn": [
              "ApiGatewayMethodUsersCreateGet"
            ]
          },
          "HelloLambdaPermissionApiGateway": {
            "Type": "AWS::Lambda::Permission",
            "Properties": {
              "FunctionName": {
                "Fn::GetAtt": [
                  "HelloLambdaFunction",
                  "Arn"
                ]
              },
              "Action": "lambda:InvokeFunction",
              "Principal": "apigateway.amazonaws.com",
              "SourceArn": {
                "Fn::Join": [
                  "",
                  [
                    "arn:",
                    {
                      "Ref": "AWS::Partition"
                    },
                    ":execute-api:",
                    {
                      "Ref": "AWS::Region"
                    },
                    ":",
                    {
                      "Ref": "AWS::AccountId"
                    },
                    ":",
                    {
                      "Ref": "ApiGatewayRestApi"
                    },
                    "/*/*"
                  ]
                ]
              }
            }
          },
          "Microservice1EventSourceMappingSQSQueue1": {
            "Type": "AWS::Lambda::EventSourceMapping",
            "DependsOn": [
              "IamRoleLambdaExecution"
            ],
            "Properties": {
              "BatchSize": 10,
              "EventSourceArn": "arn:aws:sqs:us-east-1:594770830557:queue1",
              "FunctionName": {
                "Fn::GetAtt": [
                  "Microservice1LambdaFunction",
                  "Arn"
                ]
              },
              "Enabled": true
            }
          },
          "Microservice2EventSourceMappingSQSQueue2": {
            "Type": "AWS::Lambda::EventSourceMapping",
            "DependsOn": [
              "IamRoleLambdaExecution"
            ],
            "Properties": {
              "BatchSize": 10,
              "EventSourceArn": "arn:aws:sqs:us-east-1:594770830557:queue2",
              "FunctionName": {
                "Fn::GetAtt": [
                  "Microservice2LambdaFunction",
                  "Arn"
                ]
              },
              "Enabled": true
            }
          },
          "MyQueue1": {
            "Type": "AWS::SQS::Queue",
            "Properties": {
              "QueueName": "queue1"
            }
          },
          "MyQueue2": {
            "Type": "AWS::SQS::Queue",
            "Properties": {
              "QueueName": "queue2"
            }
          },
          "MySNSTopic": {
            "Type": "AWS::SNS::Topic",
            "Properties": {
              "TopicName": "my-topic"
            }
          },
          "SampleSQSPolicy": {
            "Type": "AWS::SQS::QueuePolicy",
            "Properties": {
              "Queues": [
                {
                  "Ref": "MyQueue2"
                }
              ],
              "PolicyDocument": {
                "Statement": [
                  {
                    "Action": "sqs:*",
                    "Effect": "Allow",
                    "Resource": {
                      "Fn::GetAtt": [
                        "MyQueue2",
                        ""
                      ]
                    },
                    "Principal": "*"
                  }
                ]
              }
            }
          }
        },
        "Outputs": {
          "ServerlessDeploymentBucketName": {
            "Value": {
              "Ref": "ServerlessDeploymentBucket"
            }
          },
          "HelloLambdaFunctionQualifiedArn": {
            "Description": "Current Lambda function version",
            "Value": {
              "Ref": "HelloLambdaVersiony8yImbZkEMUUYDmXSEF1p2KfoiunGO3unGCug3FrEE"
            }
          },
          "Microservice1LambdaFunctionQualifiedArn": {
            "Description": "Current Lambda function version",
            "Value": {
              "Ref": "Microservice1LambdaVersionMwTMYtkCBXUota34MJuTbvWRFrenNDs7x5tFrZpwlY"
            }
          },
          "Microservice2LambdaFunctionQualifiedArn": {
            "Description": "Current Lambda function version",
            "Value": {
              "Ref": "Microservice2LambdaVersionhgyL1B8yW215R0NXI6eSLFvTFQfVnsg27FGw4s835Y"
            }
          },
          "ServiceEndpoint": {
            "Description": "URL of the service endpoint",
            "Value": {
              "Fn::Join": [
                "",
                [
                  "https://",
                  {
                    "Ref": "ApiGatewayRestApi"
                  },
                  ".execute-api.",
                  {
                    "Ref": "AWS::Region"
                  },
                  ".",
                  {
                    "Ref": "AWS::URLSuffix"
                  },
                  "/dev"
                ]
              ]
            }
          }
        }
      },
      "coreCloudFormationTemplate": {
        "AWSTemplateFormatVersion": "2010-09-09",
        "Description": "The AWS CloudFormation template for this Serverless application",
        "Resources": {
          "ServerlessDeploymentBucket": {
            "Type": "AWS::S3::Bucket",
            "Properties": {
              "BucketEncryption": {
                "ServerSideEncryptionConfiguration": [
                  {
                    "ServerSideEncryptionByDefault": {
                      "SSEAlgorithm": "AES256"
                    }
                  }
                ]
              }
            }
          },
          "ServerlessDeploymentBucketPolicy": {
            "Type": "AWS::S3::BucketPolicy",
            "Properties": {
              "Bucket": {
                "Ref": "ServerlessDeploymentBucket"
              },
              "PolicyDocument": {
                "Statement": [
                  {
                    "Action": "s3:*",
                    "Effect": "Deny",
                    "Principal": "*",
                    "Resource": [
                      {
                        "Fn::Join": [
                          "",
                          [
                            "arn:",
                            {
                              "Ref": "AWS::Partition"
                            },
                            ":s3:::",
                            {
                              "Ref": "ServerlessDeploymentBucket"
                            },
                            "/*"
                          ]
                        ]
                      }
                    ],
                    "Condition": {
                      "Bool": {
                        "aws:SecureTransport": false
                      }
                    }
                  }
                ]
              }
            }
          }
        },
        "Outputs": {
          "ServerlessDeploymentBucketName": {
            "Value": {
              "Ref": "ServerlessDeploymentBucket"
            }
          }
        }
      },
      "vpc": {}
    },
    "pluginsData": {},
    "functions": {
      "hello": {
        "handler": "handler.hello",
        "events": [
          {
            "http": {
              "path": "users/create",
              "method": "get",
              "integration": "AWS_PROXY"
            }
          }
        ],
        "name": "myservice-dev-hello",
        "package": {},
        "memory": 1024,
        "timeout": 6,
        "runtime": "nodejs12.x",
        "vpc": {},
        "versionLogicalId": "HelloLambdaVersiony8yImbZkEMUUYDmXSEF1p2KfoiunGO3unGCug3FrEE"
      },
      "microservice1": {
        "handler": "handler.microservice1",
        "events": [
          {
            "sqs": "arn:aws:sqs:us-east-1:594770830557:queue1"
          }
        ],
        "name": "myservice-dev-microservice1",
        "package": {},
        "memory": 1024,
        "timeout": 6,
        "runtime": "nodejs12.x",
        "vpc": {},
        "versionLogicalId": "Microservice1LambdaVersionMwTMYtkCBXUota34MJuTbvWRFrenNDs7x5tFrZpwlY"
      },
      "microservice2": {
        "handler": "handler.microservice2",
        "events": [
          {
            "sqs": "arn:aws:sqs:us-east-1:594770830557:queue2"
          }
        ],
        "name": "myservice-dev-microservice2",
        "package": {},
        "memory": 1024,
        "timeout": 6,
        "runtime": "nodejs12.x",
        "vpc": {},
        "versionLogicalId": "Microservice2LambdaVersionhgyL1B8yW215R0NXI6eSLFvTFQfVnsg27FGw4s835Y"
      }
    },
    "resources": {
      "Resources": {
        "MyQueue1": {
          "Type": "AWS::SQS::Queue",
          "Properties": {
            "QueueName": "queue1"
          }
        },
        "MyQueue2": {
          "Type": "AWS::SQS::Queue",
          "Properties": {
            "QueueName": "queue2"
          }
        },
        "MySNSTopic": {
          "Type": "AWS::SNS::Topic",
          "Properties": {
            "TopicName": "my-topic"
          }
        },
        "SampleSQSPolicy": {
          "Type": "AWS::SQS::QueuePolicy",
          "Properties": {
            "Queues": [
              {
                "Ref": "MyQueue2"
              }
            ],
            "PolicyDocument": {
              "Statement": [
                {
                  "Action": "sqs:*",
                  "Effect": "Allow",
                  "Resource": {
                    "Fn::GetAtt": [
                      "MyQueue2",
                      ""
                    ]
                  },
                  "Principal": "*"
                }
              ]
            }
          }
        }
      },
      "Outputs": {}
    },
    "configValidationMode": "warn",
    "serviceFilename": "serverless.yml",
    "layers": {},
    "initialServerlessConfig": {
      "service": {
        "$ref": "$[\"service\"][\"serviceObject\"]"
      },
      "frameworkVersion": "2",
      "provider": {
        "$ref": "$[\"service\"][\"provider\"]"
      },
      "functions": {
        "$ref": "$[\"service\"][\"functions\"]"
      },
      "resources": {
        "$ref": "$[\"service\"][\"resources\"]"
      }
    },
    "isDashboardMonitoringPreconfigured": false,
    "artifact": "C:\\Users\\admin\\serverless-aws\\myService-scheduler-sqs\\.serverless\\myservice.zip"
  },
  "package": {
    "artifactDirectoryName": "serverless/myservice/dev/1624616712011-2021-06-25T10:25:12.011Z",
    "artifact": "myservice.zip"
  }
}